<?xml version="1.0" encoding="utf-8"?>
<extension type="module" version="1.6.0" method="upgrade" client="site">
	<name>JMonoslideshow</name>
	<author>Eg</author>
	<creationDate>July 2011</creationDate>
	<copyright>introdes.ru</copyright>
	<license>GPL</license>
	<authorEmail>contact@introdes.ru</authorEmail>
	<authorUrl>introdes.ru</authorUrl>
	<version>0.1</version>
	<description>Monoslideshow joomla module</description>
	<files>
	  <filename module="mod_jmonoslideshow">mod_jmonoslideshow.php</filename>
	  <filename>dataFileProducer.php</filename>
	  <filename>index.html</filename>
	  <folder>assets</folder>
	  <folder>tmpl</folder>
	  <folder>default_config</folder>
	</files>
	<config>
	  <fields name="params">
	  	<fieldset name="basic" label="Module Parameters" description="Configure Module">
	  		
	  		<field name="moduleclassSfx" type="text" default="" label="Module Class Suffix" description="Module Class Suffix" />
	        
			<field name="addSwfobject" type="radio" default="1" label="Add swfobject js lib" description="">
	            <option value="1">Yes</option>
	            <option value="0">No</option>
	        </field>
			
			<field name="divId" type="text" default="jmonoslideshow" size="20" label="Div id name" description="Div id name description" />
			
			
	        <field name="flashWidth" type="text" default="800" size="2" label="Flash Width" description="Flash area width" />
	        <field name="flashHeight" type="text" default="250" size="2" label="Flash Height" description="Flash area height" />
	        
			<field name="alignSlideshow" type="list" default="center" label="Align slideshow" description="">
	            <option value="center">Center</option>
	            <option value="left">Left</option>
	            <option value="right">Right</option>
	        </field>
			
			<field name="imageFolder" type="text" default="images/stories/jmonoslideshow" label="Images folder" description="Default is /images/stories/jmonoslideshow/"/>
	        
	        <field name="configXmlName" type="text" default="config.xml" label="Configuration file for slideshow" description="Must reside under /media/jmonoslideshow/. If does not exist - default is used from /modules/mod_jmonoslideshow/default_config/default_config.xml_"/>
	        
	        <field name="imageUrl1" type="text" default="" label="Image #1 URL" description=""/>
	        <field name="imageUrl2" type="text" default="" label="Image #2 URL" description=""/>
	        <field name="imageUrl3" type="text" default="" label="Image #3 URL" description=""/>
	        <field name="imageUrl4" type="text" default="" label="Image #4 URL" description=""/>
	        <field name="imageUrl5" type="text" default="" label="Image #5 URL" description=""/>
	        <field name="imageUrl6" type="text" default="" label="Image #6 URL" description=""/>
	        <field name="imageUrl7" type="text" default="" label="Image #7 URL" description=""/>
	        <field name="imageUrl8" type="text" default="" label="Image #8 URL" description=""/>
	        <field name="imageUrl9" type="text" default="" label="Image #9 URL" description=""/>
	        <field name="imageUrl10" type="text" default="" label="Image #10 URL" description=""/>
	  	
	    </fieldset>
	    <fieldset name="Advanced" label="Advanced Parameters">
			<field name="cache" type="list" default="0" label="Caching" description="Module Caching">
				<option value="0">No caching</option>
				<option value="1">Use global</option>
			</field>
			<field name="cache_time" type="text" default="900" label="Cache Time" description="The time before the module is recached" />
			<field name="admin_modified" type="hidden" default="1" />
		</fieldset>
	  </fields>
	</config>
</extension>
